{"RuleTriggered": 0, "Violations": 0, "Details": {"Network": {"algo-1": {"max": 86456276.63, "p99": 0, "p95": 0, "p50": 0, "min": 0}}, "GPU": {"algo-1": {"max": 91.0, "p99": 88.0, "p95": 80.0, "p50": 0, "min": 0}}, "CPU": {"algo-1": {"max": 98.46, "p99": 90.97, "p95": 71.62, "p50": 39.56, "min": 0}}, "CPU memory": {"algo-1": {"max": 37.19, "p99": 34.29, "p95": 32.29, "p50": 31.67, "min": 4.31}}, "GPU memory": {"algo-1": {"max": 85.0, "p99": 84.0, "p95": 77.0, "p50": 0, "min": 0}}, "I/O": {"algo-1": {"max": 37.57, "p99": 25.85, "p95": 20.3, "p50": 0, "min": 0}}}, "Datapoints": 1879, "RuleParameters": ""}